panel,model,patients,label_0,label_1,roc_auc,pr_auc,brier,roc_auc_ci_low,roc_auc_ci_high,pr_auc_ci_low,pr_auc_ci_high,brier_ci_low,brier_ci_high,repeat_auc_mean,repeat_auc_sd,repeat_auc_min,repeat_auc_max
loo_without_f01,l2_logistic,219,132,87,0.654040404040404,0.5385493852765207,0.23730397326204897,0.5744239798462564,0.7275687348044073,0.44016840191037176,0.6492302835446336,0.22923637253700074,0.24591188511271356,0.6473180076628353,0.008952010215438514,0.6338383838383839,0.6619644723092999
loo_without_f01,random_forest,219,132,87,0.6132009752699409,0.49807888827788477,0.23561113962146407,0.5350773508977663,0.6863186810106076,0.40742763363651335,0.610493716384633,0.22098530521433118,0.25078942295086715,0.607697666318356,0.018406205326848855,0.577150818530129,0.6357540926506444
loo_without_f01,xgboost,219,132,87,0.5882096830372692,0.4793806671601363,0.24571185059036685,0.514883308550762,0.6634854598812779,0.3865150053047488,0.5888362676997276,0.22535776381806633,0.26583075301281067,0.5854188436084987,0.0171067488046657,0.5544670846394983,0.6145942180424939
loo_without_f02,l2_logistic,219,132,87,0.6799895506792059,0.5648070262275655,0.22856193120523455,0.606101806162627,0.7484882728877303,0.46550830372976393,0.6741595056976346,0.21404444464419745,0.24438781242589858,0.6719435736677115,0.014364338427962706,0.6526471612678509,0.6931382793451759
loo_without_f02,random_forest,219,132,87,0.6381051898293278,0.5042015857058314,0.23233747547441883,0.5633713653905182,0.7123134045881718,0.41260945697822055,0.6235826936770211,0.2187867064174161,0.24653960217940057,0.6308429118773947,0.010473336310023606,0.6101532567049808,0.6443747823058168
loo_without_f02,xgboost,219,132,87,0.621647509578544,0.49101809062490276,0.23948591122486867,0.546841060568501,0.6935417675853893,0.4014458171072676,0.6053942398832045,0.21795082230550325,0.2628575558206532,0.6151384535005227,0.01713854441625793,0.5827673284569838,0.6374956461163357
loo_without_f03,l2_logistic,219,132,87,0.6637060257749914,0.5525046712511185,0.2326012828413818,0.5875590301403114,0.736336758061696,0.445568053704657,0.6627315283188804,0.21824132384022563,0.24754211425956138,0.6512974573319401,0.01858637528958228,0.6206896551724138,0.6775513758272378
loo_without_f03,random_forest,219,132,87,0.6098920236851272,0.48519512035486434,0.23770987508434144,0.5331096759568986,0.685962375068579,0.39543850265638153,0.6031252451839202,0.22455183006029894,0.25128917746165463,0.6010188087774294,0.015222991023521993,0.579763148728666,0.6223441309648207
loo_without_f03,xgboost,219,132,87,0.5810693138279346,0.4680607548607624,0.2497068136284754,0.5056035250133523,0.6558314812710602,0.3770296868554486,0.5842209707312052,0.22914741779842518,0.27149020409544916,0.5766718913270638,0.024474945655675758,0.5235980494601185,0.6119818878439568
loo_without_f04,l2_logistic,219,132,87,0.669627307558342,0.5568272962586198,0.23036597334443432,0.5982764462398289,0.7426737734738931,0.46231984994939046,0.6705224574007195,0.21561179158603277,0.24480537723562348,0.6618948101706722,0.0174148476972761,0.6307035876001392,0.6890456287008011
loo_without_f04,random_forest,219,132,87,0.6293103448275861,0.4953005256699693,0.2336662112026809,0.5556540055290952,0.7015396982124688,0.4056484943637696,0.6078668416012035,0.22043095374429683,0.24753984502919968,0.6232932776036225,0.01511418312314114,0.6004876349703936,0.6501219087425985
loo_without_f04,xgboost,219,132,87,0.6183385579937304,0.48488768407088023,0.2413886732180299,0.541252800912188,0.6906294471811715,0.39631784854739094,0.6000257504117597,0.21979203728255126,0.26414630882332957,0.6066222570532915,0.02402215127355112,0.5637408568443051,0.648554510623476
loo_without_f05,l2_logistic,219,132,87,0.6646638801811215,0.5575380785908337,0.23027445124767779,0.5888778080523442,0.7361458928000311,0.45487113176002797,0.668926847003157,0.21389231986463156,0.24700497127041013,0.6546325322187391,0.00972482581969886,0.6401950539881575,0.6721525600835945
loo_without_f05,random_forest,219,132,87,0.612156043190526,0.5074823834500264,0.23725772511500628,0.5342132112526851,0.6858972105016409,0.41001667433601663,0.6209937926167205,0.22404386874023194,0.2513143008687087,0.6058254963427376,0.01642101405574302,0.5792406826889586,0.6289620341344478
loo_without_f05,xgboost,219,132,87,0.5911703239289445,0.47526448365271157,0.2465094139549592,0.5136096163373549,0.6678426779876055,0.38708653680090077,0.5949374037255537,0.2260989883676214,0.26718594522128924,0.585919540229885,0.03158733979970155,0.5214646464646464,0.624085684430512
loo_without_f06,l2_logistic,219,132,87,0.6536920933472656,0.5408580767596884,0.23504856543039324,0.5794921875,0.7243419708942673,0.44283021098068587,0.6479739722897876,0.22448583181550127,0.24543616900891754,0.6438958551027516,0.009695712139591058,0.6313131313131313,0.6619644723092999
loo_without_f06,random_forest,219,132,87,0.6105886450714038,0.48697598463286185,0.236434765717619,0.532552001606419,0.6841539650785713,0.3937577465666111,0.5991537060959602,0.22219968301402712,0.25091525721098246,0.6062608847091605,0.015589905813988104,0.582201323580634,0.6294845001741554
loo_without_f06,xgboost,219,132,87,0.5883838383838385,0.47585978251199545,0.24810356365899924,0.5133415541492683,0.6642911405098176,0.38923139834227893,0.5942327842428516,0.22685911587914023,0.2699519012339618,0.5836293974225008,0.017380775328131506,0.5500696621386276,0.6035353535353536
loo_without_f07,l2_logistic,219,132,87,0.6551724137931034,0.5349606047919366,0.23496200887837337,0.5820931044126613,0.7268188109962158,0.44091324725272923,0.6503217198810606,0.22246015074150668,0.24709573214726857,0.6469958202716823,0.0175904778998774,0.6125043538836643,0.6729362591431557
loo_without_f07,random_forest,219,132,87,0.6302681992337165,0.49299458954536346,0.23338508028984475,0.5517583787815687,0.7028725285330127,0.3984362005619556,0.606275775609393,0.21871870826678172,0.24893782191264174,0.6251567398119122,0.014658106615225134,0.6067572274468827,0.6536050156739812
loo_without_f07,xgboost,219,132,87,0.6138975966562173,0.46986309554801825,0.2424875069950639,0.5372578632967611,0.6877050192796113,0.386608712417218,0.5826646940938516,0.22133663874669487,0.2648322585452617,0.6069400905607802,0.02163153243696011,0.56478578892372,0.6436781609195402
