repeat,fold,feature_set,model,best_inner_auc,best_params
0,0,prior_core,xgboost,0.4624078263784146,"{""model__learning_rate"": 0.08, ""model__max_depth"": 2, ""model__n_estimators"": 300}"
0,0,prior_core,lightgbm,0.4500900787665494,"{""model__learning_rate"": 0.08, ""model__n_estimators"": 300, ""model__num_leaves"": 7}"
0,0,prior_core,random_forest,0.40848625775096364,"{""model__max_depth"": 3, ""model__max_features"": ""sqrt"", ""model__min_samples_leaf"": 10, ""model__n_estimators"": 300}"
0,0,prior_plus_locked7,xgboost,0.5363981062510474,"{""model__learning_rate"": 0.08, ""model__max_depth"": 2, ""model__n_estimators"": 150}"
0,0,prior_plus_locked7,lightgbm,0.5337166918049271,"{""model__learning_rate"": 0.08, ""model__n_estimators"": 150, ""model__num_leaves"": 15}"
0,0,prior_plus_locked7,random_forest,0.5185708898944192,"{""model__max_depth"": null, ""model__max_features"": ""sqrt"", ""model__min_samples_leaf"": 10, ""model__n_estimators"": 300}"
0,1,prior_core,xgboost,0.5422113289760349,"{""model__learning_rate"": 0.03, ""model__max_depth"": 2, ""model__n_estimators"": 150}"
0,1,prior_core,lightgbm,0.5501822523881347,"{""model__learning_rate"": 0.03, ""model__n_estimators"": 150, ""model__num_leaves"": 15}"
0,1,prior_core,random_forest,0.5631389307859895,"{""model__max_depth"": 3, ""model__max_features"": ""sqrt"", ""model__min_samples_leaf"": 5, ""model__n_estimators"": 300}"
0,1,prior_plus_locked7,xgboost,0.6401143790849674,"{""model__learning_rate"": 0.08, ""model__max_depth"": 2, ""model__n_estimators"": 300}"
0,1,prior_plus_locked7,lightgbm,0.5770801910507792,"{""model__learning_rate"": 0.08, ""model__n_estimators"": 300, ""model__num_leaves"": 7}"
0,1,prior_plus_locked7,random_forest,0.6161806602983073,"{""model__max_depth"": 3, ""model__max_features"": ""sqrt"", ""model__min_samples_leaf"": 10, ""model__n_estimators"": 300}"
0,2,prior_core,xgboost,0.5183928272163567,"{""model__learning_rate"": 0.03, ""model__max_depth"": 3, ""model__n_estimators"": 150}"
0,2,prior_core,lightgbm,0.5084317915200268,"{""model__learning_rate"": 0.03, ""model__n_estimators"": 150, ""model__num_leaves"": 7}"
0,2,prior_core,random_forest,0.5816574493045081,"{""model__max_depth"": 3, ""model__max_features"": ""sqrt"", ""model__min_samples_leaf"": 10, ""model__n_estimators"": 300}"
0,2,prior_plus_locked7,xgboost,0.5326273671861907,"{""model__learning_rate"": 0.03, ""model__max_depth"": 2, ""model__n_estimators"": 150}"
0,2,prior_plus_locked7,lightgbm,0.533769063180828,"{""model__learning_rate"": 0.03, ""model__n_estimators"": 150, ""model__num_leaves"": 15}"
0,2,prior_plus_locked7,random_forest,0.6015795206971678,"{""model__max_depth"": 3, ""model__max_features"": ""sqrt"", ""model__min_samples_leaf"": 10, ""model__n_estimators"": 300}"
0,3,prior_core,xgboost,0.5518057650410592,"{""model__learning_rate"": 0.03, ""model__max_depth"": 2, ""model__n_estimators"": 150}"
0,3,prior_core,lightgbm,0.6158664320429026,"{""model__learning_rate"": 0.08, ""model__n_estimators"": 300, ""model__num_leaves"": 15}"
0,3,prior_core,random_forest,0.5551051617228089,"{""model__max_depth"": 3, ""model__max_features"": ""sqrt"", ""model__min_samples_leaf"": 5, ""model__n_estimators"": 300}"
0,3,prior_plus_locked7,xgboost,0.6073403720462545,"{""model__learning_rate"": 0.08, ""model__max_depth"": 2, ""model__n_estimators"": 300}"
0,3,prior_plus_locked7,lightgbm,0.6120642701525054,"{""model__learning_rate"": 0.08, ""model__n_estimators"": 300, ""model__num_leaves"": 15}"
0,3,prior_plus_locked7,random_forest,0.5959967320261438,"{""model__max_depth"": 5, ""model__max_features"": ""sqrt"", ""model__min_samples_leaf"": 5, ""model__n_estimators"": 300}"
0,4,prior_core,xgboost,0.4557566616390146,"{""model__learning_rate"": 0.08, ""model__max_depth"": 2, ""model__n_estimators"": 300}"
0,4,prior_core,lightgbm,0.44215057817998993,"{""model__learning_rate"": 0.08, ""model__n_estimators"": 300, ""model__num_leaves"": 7}"
0,4,prior_core,random_forest,0.472138428020781,"{""model__max_depth"": 3, ""model__max_features"": ""sqrt"", ""model__min_samples_leaf"": 5, ""model__n_estimators"": 300}"
0,4,prior_plus_locked7,xgboost,0.580054885201944,"{""model__learning_rate"": 0.08, ""model__max_depth"": 3, ""model__n_estimators"": 300}"
0,4,prior_plus_locked7,lightgbm,0.5617249036366684,"{""model__learning_rate"": 0.08, ""model__n_estimators"": 150, ""model__num_leaves"": 7}"
0,4,prior_plus_locked7,random_forest,0.5742416624769566,"{""model__max_depth"": null, ""model__max_features"": ""sqrt"", ""model__min_samples_leaf"": 10, ""model__n_estimators"": 300}"
1,0,prior_core,xgboost,0.5025871459694989,"{""model__learning_rate"": 0.08, ""model__max_depth"": 2, ""model__n_estimators"": 300}"
1,0,prior_core,lightgbm,0.4943334171275348,"{""model__learning_rate"": 0.08, ""model__n_estimators"": 300, ""model__num_leaves"": 7}"
1,0,prior_core,random_forest,0.513826043237808,"{""model__max_depth"": 3, ""model__max_features"": ""sqrt"", ""model__min_samples_leaf"": 10, ""model__n_estimators"": 300}"
1,0,prior_plus_locked7,xgboost,0.5736341545165075,"{""model__learning_rate"": 0.08, ""model__max_depth"": 2, ""model__n_estimators"": 150}"
1,0,prior_plus_locked7,lightgbm,0.5842550695491872,"{""model__learning_rate"": 0.08, ""model__n_estimators"": 150, ""model__num_leaves"": 7}"
1,0,prior_plus_locked7,random_forest,0.56450058655941,"{""model__max_depth"": 3, ""model__max_features"": ""sqrt"", ""model__min_samples_leaf"": 5, ""model__n_estimators"": 300}"
1,1,prior_core,xgboost,0.5602480308362662,"{""model__learning_rate"": 0.08, ""model__max_depth"": 3, ""model__n_estimators"": 300}"
1,1,prior_core,lightgbm,0.5509782973018267,"{""model__learning_rate"": 0.03, ""model__n_estimators"": 150, ""model__num_leaves"": 7}"
1,1,prior_core,random_forest,0.5443690296631473,"{""model__max_depth"": 3, ""model__max_features"": ""sqrt"", ""model__min_samples_leaf"": 10, ""model__n_estimators"": 300}"
1,1,prior_plus_locked7,xgboost,0.6540137422490364,"{""model__learning_rate"": 0.03, ""model__max_depth"": 2, ""model__n_estimators"": 150}"
1,1,prior_plus_locked7,lightgbm,0.6129336349924585,"{""model__learning_rate"": 0.03, ""model__n_estimators"": 300, ""model__num_leaves"": 7}"
1,1,prior_plus_locked7,random_forest,0.6649384112619406,"{""model__max_depth"": 3, ""model__max_features"": ""sqrt"", ""model__min_samples_leaf"": 10, ""model__n_estimators"": 300}"
1,2,prior_core,xgboost,0.5157009384950562,"{""model__learning_rate"": 0.03, ""model__max_depth"": 2, ""model__n_estimators"": 300}"
1,2,prior_core,lightgbm,0.533046338193397,"{""model__learning_rate"": 0.08, ""model__n_estimators"": 150, ""model__num_leaves"": 7}"
1,2,prior_core,random_forest,0.497737556561086,"{""model__max_depth"": 3, ""model__max_features"": ""sqrt"", ""model__min_samples_leaf"": 5, ""model__n_estimators"": 300}"
1,2,prior_plus_locked7,xgboost,0.5967089827383945,"{""model__learning_rate"": 0.03, ""model__max_depth"": 2, ""model__n_estimators"": 300}"
1,2,prior_plus_locked7,lightgbm,0.5910528741411094,"{""model__learning_rate"": 0.08, ""model__n_estimators"": 150, ""model__num_leaves"": 7}"
1,2,prior_plus_locked7,random_forest,0.5915975364504777,"{""model__max_depth"": 3, ""model__max_features"": ""sqrt"", ""model__min_samples_leaf"": 5, ""model__n_estimators"": 300}"
1,3,prior_core,xgboost,0.4958417127534775,"{""model__learning_rate"": 0.03, ""model__max_depth"": 3, ""model__n_estimators"": 300}"
1,3,prior_core,lightgbm,0.5009322104910341,"{""model__learning_rate"": 0.03, ""model__n_estimators"": 150, ""model__num_leaves"": 7}"
1,3,prior_core,random_forest,0.535507792860734,"{""model__max_depth"": 3, ""model__max_features"": ""sqrt"", ""model__min_samples_leaf"": 10, ""model__n_estimators"": 300}"
1,3,prior_plus_locked7,xgboost,0.5495747444276856,"{""model__learning_rate"": 0.08, ""model__max_depth"": 3, ""model__n_estimators"": 300}"
1,3,prior_plus_locked7,lightgbm,0.5682713256242667,"{""model__learning_rate"": 0.03, ""model__n_estimators"": 150, ""model__num_leaves"": 7}"
1,3,prior_plus_locked7,random_forest,0.5826734539969833,"{""model__max_depth"": 3, ""model__max_features"": ""sqrt"", ""model__min_samples_leaf"": 5, ""model__n_estimators"": 300}"
1,4,prior_core,xgboost,0.5112598458186693,"{""model__learning_rate"": 0.08, ""model__max_depth"": 3, ""model__n_estimators"": 300}"
1,4,prior_core,lightgbm,0.5422951231774762,"{""model__learning_rate"": 0.03, ""model__n_estimators"": 150, ""model__num_leaves"": 7}"
1,4,prior_core,random_forest,0.5120663650075414,"{""model__max_depth"": 3, ""model__max_features"": ""sqrt"", ""model__min_samples_leaf"": 10, ""model__n_estimators"": 300}"
1,4,prior_plus_locked7,xgboost,0.6094980727333669,"{""model__learning_rate"": 0.08, ""model__max_depth"": 2, ""model__n_estimators"": 150}"
1,4,prior_plus_locked7,lightgbm,0.599997905144964,"{""model__learning_rate"": 0.08, ""model__n_estimators"": 150, ""model__num_leaves"": 15}"
1,4,prior_plus_locked7,random_forest,0.5923097871627283,"{""model__max_depth"": null, ""model__max_features"": ""sqrt"", ""model__min_samples_leaf"": 5, ""model__n_estimators"": 300}"
2,0,prior_core,xgboost,0.5521618903971846,"{""model__learning_rate"": 0.08, ""model__max_depth"": 3, ""model__n_estimators"": 300}"
2,0,prior_core,lightgbm,0.5394565946036534,"{""model__learning_rate"": 0.08, ""model__n_estimators"": 150, ""model__num_leaves"": 15}"
2,0,prior_core,random_forest,0.5847787833081951,"{""model__max_depth"": 5, ""model__max_features"": ""sqrt"", ""model__min_samples_leaf"": 5, ""model__n_estimators"": 300}"
2,0,prior_plus_locked7,xgboost,0.6309598625775097,"{""model__learning_rate"": 0.03, ""model__max_depth"": 3, ""model__n_estimators"": 150}"
2,0,prior_plus_locked7,lightgbm,0.6327404893581363,"{""model__learning_rate"": 0.03, ""model__n_estimators"": 150, ""model__num_leaves"": 15}"
2,0,prior_plus_locked7,random_forest,0.6519503100385453,"{""model__max_depth"": null, ""model__max_features"": ""sqrt"", ""model__min_samples_leaf"": 5, ""model__n_estimators"": 300}"
2,1,prior_core,xgboost,0.5160361153008212,"{""model__learning_rate"": 0.03, ""model__max_depth"": 3, ""model__n_estimators"": 150}"
2,1,prior_core,lightgbm,0.5046820010055304,"{""model__learning_rate"": 0.08, ""model__n_estimators"": 300, ""model__num_leaves"": 7}"
2,1,prior_core,random_forest,0.49904684095860563,"{""model__max_depth"": null, ""model__max_features"": ""sqrt"", ""model__min_samples_leaf"": 5, ""model__n_estimators"": 300}"
2,1,prior_plus_locked7,xgboost,0.6453619909502262,"{""model__learning_rate"": 0.08, ""model__max_depth"": 3, ""model__n_estimators"": 150}"
2,1,prior_plus_locked7,lightgbm,0.6231355790179319,"{""model__learning_rate"": 0.08, ""model__n_estimators"": 300, ""model__num_leaves"": 15}"
2,1,prior_plus_locked7,random_forest,0.6280689626277861,"{""model__max_depth"": 5, ""model__max_features"": ""sqrt"", ""model__min_samples_leaf"": 5, ""model__n_estimators"": 300}"
2,2,prior_core,xgboost,0.5290975364504776,"{""model__learning_rate"": 0.08, ""model__max_depth"": 3, ""model__n_estimators"": 300}"
2,2,prior_core,lightgbm,0.48716901290430703,"{""model__learning_rate"": 0.08, ""model__n_estimators"": 300, ""model__num_leaves"": 7}"
2,2,prior_core,random_forest,0.5205295793531088,"{""model__max_depth"": 3, ""model__max_features"": ""sqrt"", ""model__min_samples_leaf"": 10, ""model__n_estimators"": 300}"
2,2,prior_plus_locked7,xgboost,0.596080526227585,"{""model__learning_rate"": 0.08, ""model__max_depth"": 2, ""model__n_estimators"": 150}"
2,2,prior_plus_locked7,lightgbm,0.5543929110105581,"{""model__learning_rate"": 0.03, ""model__n_estimators"": 300, ""model__num_leaves"": 15}"
2,2,prior_plus_locked7,random_forest,0.5755928439751969,"{""model__max_depth"": 3, ""model__max_features"": ""sqrt"", ""model__min_samples_leaf"": 10, ""model__n_estimators"": 300}"
2,3,prior_core,xgboost,0.48600636835930955,"{""model__learning_rate"": 0.03, ""model__max_depth"": 3, ""model__n_estimators"": 300}"
2,3,prior_core,lightgbm,0.5275787665493548,"{""model__learning_rate"": 0.03, ""model__n_estimators"": 300, ""model__num_leaves"": 15}"
2,3,prior_core,random_forest,0.5277882520529579,"{""model__max_depth"": 3, ""model__max_features"": ""sqrt"", ""model__min_samples_leaf"": 10, ""model__n_estimators"": 300}"
2,3,prior_plus_locked7,xgboost,0.5726181498240323,"{""model__learning_rate"": 0.03, ""model__max_depth"": 2, ""model__n_estimators"": 150}"
2,3,prior_plus_locked7,lightgbm,0.5538796715267303,"{""model__learning_rate"": 0.03, ""model__n_estimators"": 150, ""model__num_leaves"": 15}"
2,3,prior_plus_locked7,random_forest,0.6092676386794034,"{""model__max_depth"": 3, ""model__max_features"": ""sqrt"", ""model__min_samples_leaf"": 10, ""model__n_estimators"": 300}"
2,4,prior_core,xgboost,0.4973185855538797,"{""model__learning_rate"": 0.03, ""model__max_depth"": 2, ""model__n_estimators"": 150}"
2,4,prior_core,lightgbm,0.4659795542148484,"{""model__learning_rate"": 0.03, ""model__n_estimators"": 150, ""model__num_leaves"": 15}"
2,4,prior_core,random_forest,0.5413419641360818,"{""model__max_depth"": 3, ""model__max_features"": ""sqrt"", ""model__min_samples_leaf"": 10, ""model__n_estimators"": 300}"
2,4,prior_plus_locked7,xgboost,0.5724191385956092,"{""model__learning_rate"": 0.03, ""model__max_depth"": 3, ""model__n_estimators"": 150}"
2,4,prior_plus_locked7,lightgbm,0.5435520361990951,"{""model__learning_rate"": 0.08, ""model__n_estimators"": 300, ""model__num_leaves"": 15}"
2,4,prior_plus_locked7,random_forest,0.5899007038712921,"{""model__max_depth"": null, ""model__max_features"": ""sqrt"", ""model__min_samples_leaf"": 5, ""model__n_estimators"": 300}"
3,0,prior_core,xgboost,0.5463067705714765,"{""model__learning_rate"": 0.08, ""model__max_depth"": 2, ""model__n_estimators"": 300}"
3,0,prior_core,lightgbm,0.5111865258924082,"{""model__learning_rate"": 0.03, ""model__n_estimators"": 300, ""model__num_leaves"": 15}"
3,0,prior_core,random_forest,0.5477836433718786,"{""model__max_depth"": null, ""model__max_features"": ""sqrt"", ""model__min_samples_leaf"": 10, ""model__n_estimators"": 300}"
3,0,prior_plus_locked7,xgboost,0.5835951902128373,"{""model__learning_rate"": 0.08, ""model__max_depth"": 2, ""model__n_estimators"": 150}"
3,0,prior_plus_locked7,lightgbm,0.5389119322942852,"{""model__learning_rate"": 0.08, ""model__n_estimators"": 300, ""model__num_leaves"": 7}"
3,0,prior_plus_locked7,random_forest,0.5945093849505614,"{""model__max_depth"": 3, ""model__max_features"": ""sqrt"", ""model__min_samples_leaf"": 10, ""model__n_estimators"": 300}"
3,1,prior_core,xgboost,0.5147163566281213,"{""model__learning_rate"": 0.08, ""model__max_depth"": 3, ""model__n_estimators"": 150}"
3,1,prior_core,lightgbm,0.5123910675381265,"{""model__learning_rate"": 0.08, ""model__n_estimators"": 150, ""model__num_leaves"": 15}"
3,1,prior_core,random_forest,0.5557021954080777,"{""model__max_depth"": 3, ""model__max_features"": ""sqrt"", ""model__min_samples_leaf"": 10, ""model__n_estimators"": 300}"
3,1,prior_plus_locked7,xgboost,0.5493862074744428,"{""model__learning_rate"": 0.03, ""model__max_depth"": 2, ""model__n_estimators"": 300}"
3,1,prior_plus_locked7,lightgbm,0.5414362326127031,"{""model__learning_rate"": 0.08, ""model__n_estimators"": 150, ""model__num_leaves"": 7}"
3,1,prior_plus_locked7,random_forest,0.5952949555890732,"{""model__max_depth"": 3, ""model__max_features"": ""sqrt"", ""model__min_samples_leaf"": 10, ""model__n_estimators"": 300}"
3,2,prior_core,xgboost,0.5307105748282219,"{""model__learning_rate"": 0.03, ""model__max_depth"": 2, ""model__n_estimators"": 150}"
3,2,prior_core,lightgbm,0.5309619574325457,"{""model__learning_rate"": 0.03, ""model__n_estimators"": 300, ""model__num_leaves"": 15}"
3,2,prior_core,random_forest,0.5600699681582035,"{""model__max_depth"": null, ""model__max_features"": ""sqrt"", ""model__min_samples_leaf"": 10, ""model__n_estimators"": 300}"
3,2,prior_plus_locked7,xgboost,0.578661806602983,"{""model__learning_rate"": 0.03, ""model__max_depth"": 2, ""model__n_estimators"": 300}"
3,2,prior_plus_locked7,lightgbm,0.5600280710574829,"{""model__learning_rate"": 0.08, ""model__n_estimators"": 150, ""model__num_leaves"": 15}"
3,2,prior_plus_locked7,random_forest,0.5966356628121334,"{""model__max_depth"": 5, ""model__max_features"": ""sqrt"", ""model__min_samples_leaf"": 10, ""model__n_estimators"": 300}"
3,3,prior_core,xgboost,0.39561337355455006,"{""model__learning_rate"": 0.08, ""model__max_depth"": 2, ""model__n_estimators"": 300}"
3,3,prior_core,lightgbm,0.3829395005865594,"{""model__learning_rate"": 0.08, ""model__n_estimators"": 300, ""model__num_leaves"": 7}"
3,3,prior_core,random_forest,0.4162267471091,"{""model__max_depth"": 3, ""model__max_features"": ""sqrt"", ""model__min_samples_leaf"": 10, ""model__n_estimators"": 300}"
3,3,prior_plus_locked7,xgboost,0.5015501927266633,"{""model__learning_rate"": 0.03, ""model__max_depth"": 2, ""model__n_estimators"": 150}"
3,3,prior_plus_locked7,lightgbm,0.4557985587397352,"{""model__learning_rate"": 0.08, ""model__n_estimators"": 300, ""model__num_leaves"": 15}"
3,3,prior_plus_locked7,random_forest,0.49605119825708066,"{""model__max_depth"": 3, ""model__max_features"": ""sqrt"", ""model__min_samples_leaf"": 5, ""model__n_estimators"": 300}"
3,4,prior_core,xgboost,0.503121334003687,"{""model__learning_rate"": 0.08, ""model__max_depth"": 2, ""model__n_estimators"": 300}"
3,4,prior_core,lightgbm,0.52726453829395,"{""model__learning_rate"": 0.08, ""model__n_estimators"": 150, ""model__num_leaves"": 15}"
3,4,prior_core,random_forest,0.47945994637171113,"{""model__max_depth"": null, ""model__max_features"": ""sqrt"", ""model__min_samples_leaf"": 5, ""model__n_estimators"": 300}"
3,4,prior_plus_locked7,xgboost,0.6404705044410928,"{""model__learning_rate"": 0.08, ""model__max_depth"": 3, ""model__n_estimators"": 150}"
3,4,prior_plus_locked7,lightgbm,0.6567894251717782,"{""model__learning_rate"": 0.08, ""model__n_estimators"": 300, ""model__num_leaves"": 15}"
3,4,prior_plus_locked7,random_forest,0.6265292441763031,"{""model__max_depth"": 5, ""model__max_features"": ""sqrt"", ""model__min_samples_leaf"": 5, ""model__n_estimators"": 300}"
4,0,prior_core,xgboost,0.49916205798558744,"{""model__learning_rate"": 0.08, ""model__max_depth"": 3, ""model__n_estimators"": 300}"
4,0,prior_core,lightgbm,0.5127052957935311,"{""model__learning_rate"": 0.08, ""model__n_estimators"": 300, ""model__num_leaves"": 15}"
4,0,prior_core,random_forest,0.5317370537958773,"{""model__max_depth"": 5, ""model__max_features"": ""sqrt"", ""model__min_samples_leaf"": 10, ""model__n_estimators"": 300}"
4,0,prior_plus_locked7,xgboost,0.6560562259091671,"{""model__learning_rate"": 0.03, ""model__max_depth"": 2, ""model__n_estimators"": 150}"
4,0,prior_plus_locked7,lightgbm,0.6437280040221217,"{""model__learning_rate"": 0.03, ""model__n_estimators"": 150, ""model__num_leaves"": 15}"
4,0,prior_plus_locked7,random_forest,0.6416436232612703,"{""model__max_depth"": 3, ""model__max_features"": ""sqrt"", ""model__min_samples_leaf"": 10, ""model__n_estimators"": 300}"
4,1,prior_core,xgboost,0.49150536282889223,"{""model__learning_rate"": 0.03, ""model__max_depth"": 3, ""model__n_estimators"": 300}"
4,1,prior_core,lightgbm,0.4573592257415787,"{""model__learning_rate"": 0.08, ""model__n_estimators"": 300, ""model__num_leaves"": 15}"
4,1,prior_core,random_forest,0.5031422825540472,"{""model__max_depth"": null, ""model__max_features"": ""sqrt"", ""model__min_samples_leaf"": 10, ""model__n_estimators"": 300}"
4,1,prior_plus_locked7,xgboost,0.5329206468912351,"{""model__learning_rate"": 0.08, ""model__max_depth"": 2, ""model__n_estimators"": 150}"
4,1,prior_plus_locked7,lightgbm,0.5186756326462209,"{""model__learning_rate"": 0.03, ""model__n_estimators"": 150, ""model__num_leaves"": 15}"
4,1,prior_plus_locked7,random_forest,0.5566763029998324,"{""model__max_depth"": 3, ""model__max_features"": ""sqrt"", ""model__min_samples_leaf"": 10, ""model__n_estimators"": 300}"
4,2,prior_core,xgboost,0.5475113122171946,"{""model__learning_rate"": 0.03, ""model__max_depth"": 3, ""model__n_estimators"": 150}"
4,2,prior_core,lightgbm,0.5977878330819507,"{""model__learning_rate"": 0.08, ""model__n_estimators"": 300, ""model__num_leaves"": 15}"
4,2,prior_core,random_forest,0.5886018937489526,"{""model__max_depth"": 3, ""model__max_features"": ""sqrt"", ""model__min_samples_leaf"": 5, ""model__n_estimators"": 300}"
4,2,prior_plus_locked7,xgboost,0.6120433216021451,"{""model__learning_rate"": 0.03, ""model__max_depth"": 3, ""model__n_estimators"": 150}"
4,2,prior_plus_locked7,lightgbm,0.6419578515166751,"{""model__learning_rate"": 0.08, ""model__n_estimators"": 150, ""model__num_leaves"": 7}"
4,2,prior_plus_locked7,random_forest,0.6492269984917043,"{""model__max_depth"": 3, ""model__max_features"": ""sqrt"", ""model__min_samples_leaf"": 5, ""model__n_estimators"": 300}"
4,3,prior_core,xgboost,0.4483199262611028,"{""model__learning_rate"": 0.08, ""model__max_depth"": 2, ""model__n_estimators"": 300}"
4,3,prior_core,lightgbm,0.45436358304005364,"{""model__learning_rate"": 0.08, ""model__n_estimators"": 300, ""model__num_leaves"": 15}"
4,3,prior_core,random_forest,0.45558907323613207,"{""model__max_depth"": 3, ""model__max_features"": ""sqrt"", ""model__min_samples_leaf"": 10, ""model__n_estimators"": 300}"
4,3,prior_plus_locked7,xgboost,0.5569381598793364,"{""model__learning_rate"": 0.03, ""model__max_depth"": 3, ""model__n_estimators"": 150}"
4,3,prior_plus_locked7,lightgbm,0.5309410088821853,"{""model__learning_rate"": 0.03, ""model__n_estimators"": 150, ""model__num_leaves"": 7}"
4,3,prior_plus_locked7,random_forest,0.5623324115971174,"{""model__max_depth"": 5, ""model__max_features"": ""sqrt"", ""model__min_samples_leaf"": 5, ""model__n_estimators"": 300}"
4,4,prior_core,xgboost,0.4656758002346238,"{""model__learning_rate"": 0.03, ""model__max_depth"": 2, ""model__n_estimators"": 300}"
4,4,prior_core,lightgbm,0.48066448801742917,"{""model__learning_rate"": 0.08, ""model__n_estimators"": 300, ""model__num_leaves"": 15}"
4,4,prior_core,random_forest,0.5448717948717948,"{""model__max_depth"": 5, ""model__max_features"": ""sqrt"", ""model__min_samples_leaf"": 5, ""model__n_estimators"": 300}"
4,4,prior_plus_locked7,xgboost,0.5527065527065527,"{""model__learning_rate"": 0.03, ""model__max_depth"": 2, ""model__n_estimators"": 150}"
4,4,prior_plus_locked7,lightgbm,0.558844477962125,"{""model__learning_rate"": 0.03, ""model__n_estimators"": 150, ""model__num_leaves"": 15}"
4,4,prior_plus_locked7,random_forest,0.5825372884196414,"{""model__max_depth"": 3, ""model__max_features"": ""sqrt"", ""model__min_samples_leaf"": 10, ""model__n_estimators"": 300}"
5,0,prior_core,xgboost,0.501466398525222,"{""model__learning_rate"": 0.03, ""model__max_depth"": 2, ""model__n_estimators"": 300}"
5,0,prior_core,lightgbm,0.48117772750125687,"{""model__learning_rate"": 0.03, ""model__n_estimators"": 300, ""model__num_leaves"": 15}"
5,0,prior_core,random_forest,0.5285738226914698,"{""model__max_depth"": 3, ""model__max_features"": ""sqrt"", ""model__min_samples_leaf"": 10, ""model__n_estimators"": 300}"
5,0,prior_plus_locked7,xgboost,0.5814165409753645,"{""model__learning_rate"": 0.03, ""model__max_depth"": 3, ""model__n_estimators"": 300}"
5,0,prior_plus_locked7,lightgbm,0.5673810122339534,"{""model__learning_rate"": 0.08, ""model__n_estimators"": 300, ""model__num_leaves"": 15}"
5,0,prior_plus_locked7,random_forest,0.5917127534774593,"{""model__max_depth"": 3, ""model__max_features"": ""sqrt"", ""model__min_samples_leaf"": 10, ""model__n_estimators"": 300}"
5,1,prior_core,xgboost,0.5075938495056141,"{""model__learning_rate"": 0.03, ""model__max_depth"": 2, ""model__n_estimators"": 150}"
5,1,prior_core,lightgbm,0.5339785486844311,"{""model__learning_rate"": 0.03, ""model__n_estimators"": 150, ""model__num_leaves"": 7}"
5,1,prior_core,random_forest,0.5025452488687783,"{""model__max_depth"": 5, ""model__max_features"": ""sqrt"", ""model__min_samples_leaf"": 10, ""model__n_estimators"": 300}"
5,1,prior_plus_locked7,xgboost,0.6264768728004022,"{""model__learning_rate"": 0.08, ""model__max_depth"": 3, ""model__n_estimators"": 150}"
5,1,prior_plus_locked7,lightgbm,0.6279851684263449,"{""model__learning_rate"": 0.08, ""model__n_estimators"": 150, ""model__num_leaves"": 7}"
5,1,prior_plus_locked7,random_forest,0.5981963298139769,"{""model__max_depth"": 3, ""model__max_features"": ""sqrt"", ""model__min_samples_leaf"": 10, ""model__n_estimators"": 300}"
5,2,prior_core,xgboost,0.5171149656443774,"{""model__learning_rate"": 0.08, ""model__max_depth"": 3, ""model__n_estimators"": 150}"
5,2,prior_core,lightgbm,0.49144251717781134,"{""model__learning_rate"": 0.08, ""model__n_estimators"": 300, ""model__num_leaves"": 15}"
5,2,prior_core,random_forest,0.48391151332327803,"{""model__max_depth"": null, ""model__max_features"": ""sqrt"", ""model__min_samples_leaf"": 5, ""model__n_estimators"": 300}"
5,2,prior_plus_locked7,xgboost,0.5743568795039383,"{""model__learning_rate"": 0.08, ""model__max_depth"": 3, ""model__n_estimators"": 150}"
5,2,prior_plus_locked7,lightgbm,0.5328054298642534,"{""model__learning_rate"": 0.08, ""model__n_estimators"": 300, ""model__num_leaves"": 7}"
5,2,prior_plus_locked7,random_forest,0.5459925423160717,"{""model__max_depth"": null, ""model__max_features"": ""sqrt"", ""model__min_samples_leaf"": 10, ""model__n_estimators"": 300}"
5,3,prior_core,xgboost,0.5016968325791855,"{""model__learning_rate"": 0.03, ""model__max_depth"": 2, ""model__n_estimators"": 150}"
5,3,prior_core,lightgbm,0.5050695491871962,"{""model__learning_rate"": 0.03, ""model__n_estimators"": 150, ""model__num_leaves"": 15}"
5,3,prior_core,random_forest,0.5333291436232612,"{""model__max_depth"": 3, ""model__max_features"": ""sqrt"", ""model__min_samples_leaf"": 10, ""model__n_estimators"": 300}"
5,3,prior_plus_locked7,xgboost,0.5986886207474442,"{""model__learning_rate"": 0.03, ""model__max_depth"": 2, ""model__n_estimators"": 150}"
5,3,prior_plus_locked7,lightgbm,0.6302999832411597,"{""model__learning_rate"": 0.03, ""model__n_estimators"": 150, ""model__num_leaves"": 15}"
5,3,prior_plus_locked7,random_forest,0.6048370202781967,"{""model__max_depth"": null, ""model__max_features"": ""sqrt"", ""model__min_samples_leaf"": 10, ""model__n_estimators"": 300}"
5,4,prior_core,xgboost,0.5728171610524552,"{""model__learning_rate"": 0.08, ""model__max_depth"": 2, ""model__n_estimators"": 300}"
5,4,prior_core,lightgbm,0.5354973185855538,"{""model__learning_rate"": 0.08, ""model__n_estimators"": 300, ""model__num_leaves"": 7}"
5,4,prior_core,random_forest,0.5522037874979051,"{""model__max_depth"": 3, ""model__max_features"": ""sqrt"", ""model__min_samples_leaf"": 5, ""model__n_estimators"": 300}"
5,4,prior_plus_locked7,xgboost,0.5938285570638512,"{""model__learning_rate"": 0.08, ""model__max_depth"": 3, ""model__n_estimators"": 300}"
5,4,prior_plus_locked7,lightgbm,0.5755823697000167,"{""model__learning_rate"": 0.03, ""model__n_estimators"": 150, ""model__num_leaves"": 7}"
5,4,prior_plus_locked7,random_forest,0.6018204290263114,"{""model__max_depth"": 5, ""model__max_features"": ""sqrt"", ""model__min_samples_leaf"": 5, ""model__n_estimators"": 300}"
6,0,prior_core,xgboost,0.5271074241662478,"{""model__learning_rate"": 0.03, ""model__max_depth"": 2, ""model__n_estimators"": 300}"
6,0,prior_core,lightgbm,0.48910675381263624,"{""model__learning_rate"": 0.08, ""model__n_estimators"": 300, ""model__num_leaves"": 15}"
6,0,prior_core,random_forest,0.5385453326629797,"{""model__max_depth"": 3, ""model__max_features"": ""sqrt"", ""model__min_samples_leaf"": 5, ""model__n_estimators"": 300}"
6,0,prior_plus_locked7,xgboost,0.5633379420144126,"{""model__learning_rate"": 0.08, ""model__max_depth"": 2, ""model__n_estimators"": 300}"
6,0,prior_plus_locked7,lightgbm,0.5236299648064354,"{""model__learning_rate"": 0.03, ""model__n_estimators"": 300, ""model__num_leaves"": 7}"
6,0,prior_plus_locked7,random_forest,0.584642617730853,"{""model__max_depth"": null, ""model__max_features"": ""sqrt"", ""model__min_samples_leaf"": 5, ""model__n_estimators"": 300}"
6,1,prior_core,xgboost,0.45200687112451815,"{""model__learning_rate"": 0.03, ""model__max_depth"": 3, ""model__n_estimators"": 300}"
6,1,prior_core,lightgbm,0.4659900284900285,"{""model__learning_rate"": 0.03, ""model__n_estimators"": 150, ""model__num_leaves"": 7}"
6,1,prior_core,random_forest,0.4909921233450645,"{""model__max_depth"": 3, ""model__max_features"": ""sqrt"", ""model__min_samples_leaf"": 5, ""model__n_estimators"": 300}"
6,1,prior_plus_locked7,xgboost,0.581510809451986,"{""model__learning_rate"": 0.08, ""model__max_depth"": 3, ""model__n_estimators"": 150}"
6,1,prior_plus_locked7,lightgbm,0.5493233618233618,"{""model__learning_rate"": 0.03, ""model__n_estimators"": 300, ""model__num_leaves"": 15}"
6,1,prior_plus_locked7,random_forest,0.5926344896933132,"{""model__max_depth"": 3, ""model__max_features"": ""sqrt"", ""model__min_samples_leaf"": 10, ""model__n_estimators"": 300}"
6,2,prior_core,xgboost,0.48815359477124176,"{""model__learning_rate"": 0.03, ""model__max_depth"": 2, ""model__n_estimators"": 300}"
6,2,prior_core,lightgbm,0.4586056644880175,"{""model__learning_rate"": 0.03, ""model__n_estimators"": 300, ""model__num_leaves"": 15}"
6,2,prior_core,random_forest,0.49321266968325794,"{""model__max_depth"": 3, ""model__max_features"": ""sqrt"", ""model__min_samples_leaf"": 10, ""model__n_estimators"": 300}"
6,2,prior_plus_locked7,xgboost,0.6042295123177477,"{""model__learning_rate"": 0.08, ""model__max_depth"": 3, ""model__n_estimators"": 300}"
6,2,prior_plus_locked7,lightgbm,0.5656108597285068,"{""model__learning_rate"": 0.03, ""model__n_estimators"": 300, ""model__num_leaves"": 15}"
6,2,prior_plus_locked7,random_forest,0.577394419306184,"{""model__max_depth"": 3, ""model__max_features"": ""sqrt"", ""model__min_samples_leaf"": 10, ""model__n_estimators"": 300}"
6,3,prior_core,xgboost,0.48470755823697,"{""model__learning_rate"": 0.08, ""model__max_depth"": 2, ""model__n_estimators"": 150}"
6,3,prior_core,lightgbm,0.4999685771744595,"{""model__learning_rate"": 0.03, ""model__n_estimators"": 300, ""model__num_leaves"": 7}"
6,3,prior_core,random_forest,0.5285005027652087,"{""model__max_depth"": 3, ""model__max_features"": ""sqrt"", ""model__min_samples_leaf"": 5, ""model__n_estimators"": 300}"
6,3,prior_plus_locked7,xgboost,0.6054550025138261,"{""model__learning_rate"": 0.03, ""model__max_depth"": 3, ""model__n_estimators"": 300}"
6,3,prior_plus_locked7,lightgbm,0.6175632646220881,"{""model__learning_rate"": 0.03, ""model__n_estimators"": 150, ""model__num_leaves"": 15}"
6,3,prior_plus_locked7,random_forest,0.6342697335344394,"{""model__max_depth"": 5, ""model__max_features"": ""sqrt"", ""model__min_samples_leaf"": 5, ""model__n_estimators"": 300}"
6,4,prior_core,xgboost,0.5026290430702196,"{""model__learning_rate"": 0.03, ""model__max_depth"": 2, ""model__n_estimators"": 150}"
6,4,prior_core,lightgbm,0.46893329981565274,"{""model__learning_rate"": 0.08, ""model__n_estimators"": 150, ""model__num_leaves"": 7}"
6,4,prior_core,random_forest,0.5300821183174125,"{""model__max_depth"": 3, ""model__max_features"": ""sqrt"", ""model__min_samples_leaf"": 5, ""model__n_estimators"": 300}"
6,4,prior_plus_locked7,xgboost,0.5132080610021786,"{""model__learning_rate"": 0.03, ""model__max_depth"": 3, ""model__n_estimators"": 300}"
6,4,prior_plus_locked7,lightgbm,0.5057084799731859,"{""model__learning_rate"": 0.03, ""model__n_estimators"": 150, ""model__num_leaves"": 7}"
6,4,prior_plus_locked7,random_forest,0.5745244679068209,"{""model__max_depth"": 3, ""model__max_features"": ""sqrt"", ""model__min_samples_leaf"": 10, ""model__n_estimators"": 300}"
7,0,prior_core,xgboost,0.5121815820345232,"{""model__learning_rate"": 0.03, ""model__max_depth"": 2, ""model__n_estimators"": 150}"
7,0,prior_core,lightgbm,0.5281967487849841,"{""model__learning_rate"": 0.03, ""model__n_estimators"": 150, ""model__num_leaves"": 15}"
7,0,prior_core,random_forest,0.5504231607172784,"{""model__max_depth"": 3, ""model__max_features"": ""sqrt"", ""model__min_samples_leaf"": 5, ""model__n_estimators"": 300}"
7,0,prior_plus_locked7,xgboost,0.5334548349254231,"{""model__learning_rate"": 0.03, ""model__max_depth"": 2, ""model__n_estimators"": 150}"
7,0,prior_plus_locked7,lightgbm,0.5269503100385453,"{""model__learning_rate"": 0.03, ""model__n_estimators"": 150, ""model__num_leaves"": 15}"
7,0,prior_plus_locked7,random_forest,0.5863185017596781,"{""model__max_depth"": 3, ""model__max_features"": ""sqrt"", ""model__min_samples_leaf"": 5, ""model__n_estimators"": 300}"
7,1,prior_core,xgboost,0.5418028322440087,"{""model__learning_rate"": 0.08, ""model__max_depth"": 2, ""model__n_estimators"": 300}"
7,1,prior_core,lightgbm,0.5450289089994972,"{""model__learning_rate"": 0.08, ""model__n_estimators"": 300, ""model__num_leaves"": 15}"
7,1,prior_core,random_forest,0.5377388134741077,"{""model__max_depth"": 5, ""model__max_features"": ""sqrt"", ""model__min_samples_leaf"": 5, ""model__n_estimators"": 300}"
7,1,prior_plus_locked7,xgboost,0.5777295961119491,"{""model__learning_rate"": 0.03, ""model__max_depth"": 2, ""model__n_estimators"": 150}"
7,1,prior_plus_locked7,lightgbm,0.5815841293782471,"{""model__learning_rate"": 0.03, ""model__n_estimators"": 150, ""model__num_leaves"": 7}"
7,1,prior_plus_locked7,random_forest,0.5985419808949222,"{""model__max_depth"": null, ""model__max_features"": ""sqrt"", ""model__min_samples_leaf"": 10, ""model__n_estimators"": 300}"
7,2,prior_core,xgboost,0.5104009552538964,"{""model__learning_rate"": 0.03, ""model__max_depth"": 3, ""model__n_estimators"": 150}"
7,2,prior_core,lightgbm,0.517156862745098,"{""model__learning_rate"": 0.08, ""model__n_estimators"": 300, ""model__num_leaves"": 7}"
7,2,prior_core,random_forest,0.5414571811630635,"{""model__max_depth"": 3, ""model__max_features"": ""sqrt"", ""model__min_samples_leaf"": 10, ""model__n_estimators"": 300}"
7,2,prior_plus_locked7,xgboost,0.6027212166918049,"{""model__learning_rate"": 0.03, ""model__max_depth"": 3, ""model__n_estimators"": 150}"
7,2,prior_plus_locked7,lightgbm,0.588036282889224,"{""model__learning_rate"": 0.08, ""model__n_estimators"": 300, ""model__num_leaves"": 7}"
7,2,prior_plus_locked7,random_forest,0.6089219875984582,"{""model__max_depth"": 5, ""model__max_features"": ""sqrt"", ""model__min_samples_leaf"": 5, ""model__n_estimators"": 300}"
7,3,prior_core,xgboost,0.5396765543824368,"{""model__learning_rate"": 0.08, ""model__max_depth"": 3, ""model__n_estimators"": 300}"
7,3,prior_core,lightgbm,0.5268246187363834,"{""model__learning_rate"": 0.03, ""model__n_estimators"": 150, ""model__num_leaves"": 7}"
7,3,prior_core,random_forest,0.5544243338360986,"{""model__max_depth"": 3, ""model__max_features"": ""sqrt"", ""model__min_samples_leaf"": 10, ""model__n_estimators"": 300}"
7,3,prior_plus_locked7,xgboost,0.6469331322272498,"{""model__learning_rate"": 0.03, ""model__max_depth"": 2, ""model__n_estimators"": 150}"
7,3,prior_plus_locked7,lightgbm,0.628655522037875,"{""model__learning_rate"": 0.08, ""model__n_estimators"": 150, ""model__num_leaves"": 7}"
7,3,prior_plus_locked7,random_forest,0.6644670688788336,"{""model__max_depth"": 3, ""model__max_features"": ""sqrt"", ""model__min_samples_leaf"": 5, ""model__n_estimators"": 300}"
7,4,prior_core,xgboost,0.5188327467739233,"{""model__learning_rate"": 0.08, ""model__max_depth"": 3, ""model__n_estimators"": 150}"
7,4,prior_core,lightgbm,0.4955798558739735,"{""model__learning_rate"": 0.08, ""model__n_estimators"": 300, ""model__num_leaves"": 15}"
7,4,prior_core,random_forest,0.4699807273336685,"{""model__max_depth"": 3, ""model__max_features"": ""sqrt"", ""model__min_samples_leaf"": 10, ""model__n_estimators"": 300}"
7,4,prior_plus_locked7,xgboost,0.5739798055974527,"{""model__learning_rate"": 0.03, ""model__max_depth"": 3, ""model__n_estimators"": 150}"
7,4,prior_plus_locked7,lightgbm,0.525002094855036,"{""model__learning_rate"": 0.08, ""model__n_estimators"": 300, ""model__num_leaves"": 15}"
7,4,prior_plus_locked7,random_forest,0.5380739902798727,"{""model__max_depth"": 5, ""model__max_features"": ""sqrt"", ""model__min_samples_leaf"": 5, ""model__n_estimators"": 300}"
8,0,prior_core,xgboost,0.48904390816155524,"{""model__learning_rate"": 0.08, ""model__max_depth"": 2, ""model__n_estimators"": 300}"
8,0,prior_core,lightgbm,0.5198906485671191,"{""model__learning_rate"": 0.08, ""model__n_estimators"": 300, ""model__num_leaves"": 7}"
8,0,prior_core,random_forest,0.5156171442936148,"{""model__max_depth"": 5, ""model__max_features"": ""sqrt"", ""model__min_samples_leaf"": 10, ""model__n_estimators"": 300}"
8,0,prior_plus_locked7,xgboost,0.5683655941008882,"{""model__learning_rate"": 0.03, ""model__max_depth"": 3, ""model__n_estimators"": 150}"
8,0,prior_plus_locked7,lightgbm,0.5801805765041059,"{""model__learning_rate"": 0.03, ""model__n_estimators"": 150, ""model__num_leaves"": 7}"
8,0,prior_plus_locked7,random_forest,0.5879420144126026,"{""model__max_depth"": null, ""model__max_features"": ""sqrt"", ""model__min_samples_leaf"": 5, ""model__n_estimators"": 300}"
8,1,prior_core,xgboost,0.5632017764370705,"{""model__learning_rate"": 0.08, ""model__max_depth"": 2, ""model__n_estimators"": 150}"
8,1,prior_core,lightgbm,0.5278196748784985,"{""model__learning_rate"": 0.08, ""model__n_estimators"": 150, ""model__num_leaves"": 15}"
8,1,prior_core,random_forest,0.5455630970336853,"{""model__max_depth"": 3, ""model__max_features"": ""sqrt"", ""model__min_samples_leaf"": 10, ""model__n_estimators"": 300}"
8,1,prior_plus_locked7,xgboost,0.5722620244679069,"{""model__learning_rate"": 0.08, ""model__max_depth"": 3, ""model__n_estimators"": 150}"
8,1,prior_plus_locked7,lightgbm,0.5681142114965644,"{""model__learning_rate"": 0.08, ""model__n_estimators"": 300, ""model__num_leaves"": 7}"
8,1,prior_plus_locked7,random_forest,0.5866222557399028,"{""model__max_depth"": 3, ""model__max_features"": ""sqrt"", ""model__min_samples_leaf"": 5, ""model__n_estimators"": 300}"
8,2,prior_core,xgboost,0.4966587062175297,"{""model__learning_rate"": 0.08, ""model__max_depth"": 2, ""model__n_estimators"": 300}"
8,2,prior_core,lightgbm,0.5161094352270823,"{""model__learning_rate"": 0.08, ""model__n_estimators"": 300, ""model__num_leaves"": 7}"
8,2,prior_core,random_forest,0.5135851349086643,"{""model__max_depth"": 5, ""model__max_features"": ""sqrt"", ""model__min_samples_leaf"": 10, ""model__n_estimators"": 300}"
8,2,prior_plus_locked7,xgboost,0.5958396178984415,"{""model__learning_rate"": 0.08, ""model__max_depth"": 2, ""model__n_estimators"": 150}"
8,2,prior_plus_locked7,lightgbm,0.5746606334841629,"{""model__learning_rate"": 0.08, ""model__n_estimators"": 300, ""model__num_leaves"": 7}"
8,2,prior_plus_locked7,random_forest,0.6070889894419306,"{""model__max_depth"": null, ""model__max_features"": ""sqrt"", ""model__min_samples_leaf"": 10, ""model__n_estimators"": 300}"
8,3,prior_core,xgboost,0.5265418133065192,"{""model__learning_rate"": 0.08, ""model__max_depth"": 3, ""model__n_estimators"": 300}"
8,3,prior_core,lightgbm,0.5317161052455169,"{""model__learning_rate"": 0.08, ""model__n_estimators"": 150, ""model__num_leaves"": 7}"
8,3,prior_core,random_forest,0.5236090162560751,"{""model__max_depth"": 3, ""model__max_features"": ""sqrt"", ""model__min_samples_leaf"": 10, ""model__n_estimators"": 300}"
8,3,prior_plus_locked7,xgboost,0.5432692307692308,"{""model__learning_rate"": 0.08, ""model__max_depth"": 2, ""model__n_estimators"": 150}"
8,3,prior_plus_locked7,lightgbm,0.5302182838947544,"{""model__learning_rate"": 0.08, ""model__n_estimators"": 300, ""model__num_leaves"": 7}"
8,3,prior_plus_locked7,random_forest,0.5455002513826043,"{""model__max_depth"": 5, ""model__max_features"": ""sqrt"", ""model__min_samples_leaf"": 5, ""model__n_estimators"": 300}"
8,4,prior_core,xgboost,0.5271178984414279,"{""model__learning_rate"": 0.08, ""model__max_depth"": 3, ""model__n_estimators"": 300}"
8,4,prior_core,lightgbm,0.5482340372046255,"{""model__learning_rate"": 0.03, ""model__n_estimators"": 150, ""model__num_leaves"": 15}"
8,4,prior_core,random_forest,0.5604156192391486,"{""model__max_depth"": 3, ""model__max_features"": ""sqrt"", ""model__min_samples_leaf"": 10, ""model__n_estimators"": 300}"
8,4,prior_plus_locked7,xgboost,0.6282679738562091,"{""model__learning_rate"": 0.03, ""model__max_depth"": 3, ""model__n_estimators"": 150}"
8,4,prior_plus_locked7,lightgbm,0.6377995642701525,"{""model__learning_rate"": 0.03, ""model__n_estimators"": 150, ""model__num_leaves"": 7}"
8,4,prior_plus_locked7,random_forest,0.6420730685436568,"{""model__max_depth"": null, ""model__max_features"": ""sqrt"", ""model__min_samples_leaf"": 5, ""model__n_estimators"": 300}"
9,0,prior_core,xgboost,0.5207076420311715,"{""model__learning_rate"": 0.08, ""model__max_depth"": 3, ""model__n_estimators"": 300}"
9,0,prior_core,lightgbm,0.5217550695491873,"{""model__learning_rate"": 0.03, ""model__n_estimators"": 150, ""model__num_leaves"": 15}"
9,0,prior_core,random_forest,0.5246040723981901,"{""model__max_depth"": 5, ""model__max_features"": ""sqrt"", ""model__min_samples_leaf"": 10, ""model__n_estimators"": 300}"
9,0,prior_plus_locked7,xgboost,0.5924459527400704,"{""model__learning_rate"": 0.08, ""model__max_depth"": 3, ""model__n_estimators"": 150}"
9,0,prior_plus_locked7,lightgbm,0.5952635327635327,"{""model__learning_rate"": 0.03, ""model__n_estimators"": 300, ""model__num_leaves"": 15}"
9,0,prior_plus_locked7,random_forest,0.6034753645047763,"{""model__max_depth"": 5, ""model__max_features"": ""sqrt"", ""model__min_samples_leaf"": 10, ""model__n_estimators"": 300}"
9,1,prior_core,xgboost,0.4583019105077928,"{""model__learning_rate"": 0.03, ""model__max_depth"": 3, ""model__n_estimators"": 300}"
9,1,prior_core,lightgbm,0.43640020110608346,"{""model__learning_rate"": 0.03, ""model__n_estimators"": 150, ""model__num_leaves"": 15}"
9,1,prior_core,random_forest,0.4615489358136417,"{""model__max_depth"": 3, ""model__max_features"": ""sqrt"", ""model__min_samples_leaf"": 5, ""model__n_estimators"": 300}"
9,1,prior_plus_locked7,xgboost,0.5769230769230769,"{""model__learning_rate"": 0.03, ""model__max_depth"": 3, ""model__n_estimators"": 150}"
9,1,prior_plus_locked7,lightgbm,0.5669410926763867,"{""model__learning_rate"": 0.03, ""model__n_estimators"": 150, ""model__num_leaves"": 7}"
9,1,prior_plus_locked7,random_forest,0.581322272498743,"{""model__max_depth"": 3, ""model__max_features"": ""sqrt"", ""model__min_samples_leaf"": 10, ""model__n_estimators"": 300}"
9,2,prior_core,xgboost,0.45402840623428864,"{""model__learning_rate"": 0.08, ""model__max_depth"": 2, ""model__n_estimators"": 300}"
9,2,prior_core,lightgbm,0.4919662309368191,"{""model__learning_rate"": 0.08, ""model__n_estimators"": 300, ""model__num_leaves"": 15}"
9,2,prior_core,random_forest,0.4620621752974694,"{""model__max_depth"": 3, ""model__max_features"": ""sqrt"", ""model__min_samples_leaf"": 5, ""model__n_estimators"": 300}"
9,2,prior_plus_locked7,xgboost,0.5227920227920229,"{""model__learning_rate"": 0.08, ""model__max_depth"": 2, ""model__n_estimators"": 150}"
9,2,prior_plus_locked7,lightgbm,0.5190631808278867,"{""model__learning_rate"": 0.03, ""model__n_estimators"": 150, ""model__num_leaves"": 15}"
9,2,prior_plus_locked7,random_forest,0.5567182001005531,"{""model__max_depth"": 3, ""model__max_features"": ""sqrt"", ""model__min_samples_leaf"": 5, ""model__n_estimators"": 300}"
9,3,prior_core,xgboost,0.5308572146807441,"{""model__learning_rate"": 0.08, ""model__max_depth"": 3, ""model__n_estimators"": 150}"
9,3,prior_core,lightgbm,0.4915053628288921,"{""model__learning_rate"": 0.08, ""model__n_estimators"": 300, ""model__num_leaves"": 7}"
9,3,prior_core,random_forest,0.5249183006535948,"{""model__max_depth"": null, ""model__max_features"": ""sqrt"", ""model__min_samples_leaf"": 10, ""model__n_estimators"": 300}"
9,3,prior_plus_locked7,xgboost,0.5945617563264622,"{""model__learning_rate"": 0.03, ""model__max_depth"": 2, ""model__n_estimators"": 150}"
9,3,prior_plus_locked7,lightgbm,0.5648567119155354,"{""model__learning_rate"": 0.08, ""model__n_estimators"": 150, ""model__num_leaves"": 15}"
9,3,prior_plus_locked7,random_forest,0.6092885872297638,"{""model__max_depth"": 3, ""model__max_features"": ""sqrt"", ""model__min_samples_leaf"": 10, ""model__n_estimators"": 300}"
9,4,prior_core,xgboost,0.5993903971845149,"{""model__learning_rate"": 0.08, ""model__max_depth"": 2, ""model__n_estimators"": 300}"
9,4,prior_core,lightgbm,0.5732989777107425,"{""model__learning_rate"": 0.08, ""model__n_estimators"": 150, ""model__num_leaves"": 7}"
9,4,prior_core,random_forest,0.5976307189542485,"{""model__max_depth"": 3, ""model__max_features"": ""sqrt"", ""model__min_samples_leaf"": 10, ""model__n_estimators"": 300}"
9,4,prior_plus_locked7,xgboost,0.6666352438411262,"{""model__learning_rate"": 0.03, ""model__max_depth"": 2, ""model__n_estimators"": 150}"
9,4,prior_plus_locked7,lightgbm,0.6523797553209318,"{""model__learning_rate"": 0.03, ""model__n_estimators"": 300, ""model__num_leaves"": 7}"
9,4,prior_plus_locked7,random_forest,0.6563180827886711,"{""model__max_depth"": 3, ""model__max_features"": ""sqrt"", ""model__min_samples_leaf"": 5, ""model__n_estimators"": 300}"
