cohort,feature_set,model,repeat_index,roc_auc,pr_auc,brier,balanced_accuracy_at_0_5
complete4_n95,clinical,elasticnet_logistic,0,0.49144672531769307,0.38156802105892706,0.2556624440242196,0.4550342130987292
complete4_n95,mri7_global_mechanistic,elasticnet_logistic,0,0.5777126099706744,0.4791527784901618,0.24494604524127978,0.5327468230694037
complete4_n95,combined,elasticnet_logistic,0,0.624633431085044,0.44999788184428674,0.23726911945586798,0.6175464320625611
complete4_n95,clinical,elasticnet_logistic,1,0.5136852394916911,0.3626276602993561,0.2528478518761939,0.5134408602150538
complete4_n95,mri7_global_mechanistic,elasticnet_logistic,1,0.6016617790811339,0.4735728402092205,0.24048147744851028,0.5246823069403714
complete4_n95,combined,elasticnet_logistic,1,0.6119257086999023,0.4712227545846914,0.23999162696702428,0.5791788856304985
complete4_n95,clinical,elasticnet_logistic,2,0.5601173020527859,0.3902028082328021,0.25201623274081736,0.5349462365591398
complete4_n95,mri7_global_mechanistic,elasticnet_logistic,2,0.6060606060606061,0.41984525226874614,0.2445613571992952,0.5246823069403714
complete4_n95,combined,elasticnet_logistic,2,0.6265884652981427,0.4701240903811905,0.23735156533498056,0.602394916911046
complete4_n95,clinical,elasticnet_logistic,3,0.543010752688172,0.37438937000791445,0.2505250379906184,0.5459433040078201
complete4_n95,mri7_global_mechanistic,elasticnet_logistic,3,0.6011730205278593,0.4783990718500025,0.240953292947869,0.570136852394917
complete4_n95,combined,elasticnet_logistic,3,0.5962854349951124,0.47488091335832505,0.2407193819394658,0.5933528836754643
complete4_n95,clinical,elasticnet_logistic,4,0.5405669599217986,0.36549259399907125,0.25046772362621134,0.5520527859237536
complete4_n95,mri7_global_mechanistic,elasticnet_logistic,4,0.6319648093841643,0.4552085607623411,0.24038463846185978,0.5862658846529815
complete4_n95,combined,elasticnet_logistic,4,0.6041055718475073,0.42638528930114244,0.24278669197526662,0.5862658846529815
complete4_n95,clinical,elasticnet_logistic,5,0.45332355816226777,0.32660804419256434,0.25845928036806415,0.4508797653958944
complete4_n95,mri7_global_mechanistic,elasticnet_logistic,5,0.5977517106549365,0.4295122245112874,0.2434641644870202,0.5246823069403714
complete4_n95,combined,elasticnet_logistic,5,0.5694037145650049,0.4456276975564738,0.25273575464603165,0.5317693059628543
complete4_n95,clinical,elasticnet_logistic,6,0.5232160312805474,0.35925781347889446,0.25040231194549195,0.5288367546432062
complete4_n95,mri7_global_mechanistic,elasticnet_logistic,6,0.6344086021505376,0.4662202550306162,0.24037120432148043,0.5640273704789833
complete4_n95,combined,elasticnet_logistic,6,0.663245356793744,0.48587258127774857,0.23015152237246614,0.595307917888563
complete4_n95,clinical,elasticnet_logistic,7,0.5053763440860215,0.36235699647531766,0.2518504757181528,0.4833822091886608
complete4_n95,mri7_global_mechanistic,elasticnet_logistic,7,0.6397849462365591,0.5242155753142088,0.23472229458476238,0.5691593352883675
complete4_n95,combined,elasticnet_logistic,7,0.6485826001955034,0.5086056253623292,0.2307356020758503,0.5862658846529815
complete4_n95,clinical,elasticnet_logistic,8,0.52297165200391,0.36573800334663276,0.2455794829331749,0.4772727272727273
complete4_n95,mri7_global_mechanistic,elasticnet_logistic,8,0.6036168132942327,0.47147631562953773,0.24560054091790573,0.5549853372434017
complete4_n95,combined,elasticnet_logistic,8,0.6622678396871945,0.4986009444825765,0.22967109848649522,0.5943304007820137
complete4_n95,clinical,elasticnet_logistic,9,0.5413000977517106,0.3863429176383066,0.24880210132965197,0.48826979472140764
complete4_n95,mri7_global_mechanistic,elasticnet_logistic,9,0.644672531769306,0.5450262813127064,0.2343766722617244,0.5933528836754643
complete4_n95,combined,elasticnet_logistic,9,0.6099706744868035,0.4591467606935171,0.2382148653656778,0.5943304007820137
age_bmi_n130,clinical,elasticnet_logistic,0,0.4635145197319434,0.3683083800564974,0.25474029080480015,0.48771407297096053
age_bmi_n130,mri7_global_mechanistic,elasticnet_logistic,0,0.6142963514519733,0.48736154960261996,0.24248377737452478,0.6181434599156118
age_bmi_n130,combined,elasticnet_logistic,0,0.5554728220402084,0.431124674549639,0.25024566006417326,0.5656490444278978
age_bmi_n130,clinical,elasticnet_logistic,1,0.5018615040953089,0.4238012308292469,0.25054463771480273,0.4811367585008687
age_bmi_n130,mri7_global_mechanistic,elasticnet_logistic,1,0.607843137254902,0.4838829839316393,0.23927949626024062,0.5852568875651527
age_bmi_n130,combined,elasticnet_logistic,1,0.6214941672871681,0.48500605543599906,0.24044637201455157,0.5824025812856788
age_bmi_n130,clinical,elasticnet_logistic,2,0.49069247952345496,0.39693116080088225,0.24988268254430596,0.4798957557706627
age_bmi_n130,mri7_global_mechanistic,elasticnet_logistic,2,0.6783320923306031,0.5733945217814159,0.22823305073426212,0.5991561181434599
age_bmi_n130,combined,elasticnet_logistic,2,0.6706378754033259,0.5536881407800471,0.2309023005947802,0.599776619508563
age_bmi_n130,clinical,elasticnet_logistic,3,0.44117647058823534,0.37473532002759624,0.2594626845895481,0.43881856540084385
age_bmi_n130,mri7_global_mechanistic,elasticnet_logistic,3,0.6450732191610821,0.5351546392344825,0.2323335285863049,0.5668900471581038
age_bmi_n130,combined,elasticnet_logistic,3,0.6406056093323406,0.5313466440871557,0.2327454093627934,0.5738396624472574
age_bmi_n130,clinical,elasticnet_logistic,4,0.4668652271034996,0.3777198074844924,0.2513907918567647,0.48399106478034254
age_bmi_n130,mri7_global_mechanistic,elasticnet_logistic,4,0.655994043186895,0.5242779532402114,0.23041479984865604,0.6083395383469844
age_bmi_n130,combined,elasticnet_logistic,4,0.6626954579300074,0.5340901653091789,0.2294495726294557,0.6118143459915611
age_bmi_n130,clinical,elasticnet_logistic,5,0.4717051377513031,0.39632296694039354,0.25179311926574166,0.4651278232812112
age_bmi_n130,mri7_global_mechanistic,elasticnet_logistic,5,0.6495408289898239,0.5287564481408082,0.23716480143784718,0.650409530900968
age_bmi_n130,combined,elasticnet_logistic,5,0.6507818317200298,0.5317546902971835,0.2356760615895205,0.6440804169769174
age_bmi_n130,clinical,elasticnet_logistic,6,0.41437081161578554,0.36125497994446637,0.25701963461893057,0.4298833457433606
age_bmi_n130,mri7_global_mechanistic,elasticnet_logistic,6,0.6232315711094565,0.4594489877413098,0.24617202441934596,0.630801687763713
age_bmi_n130,combined,elasticnet_logistic,6,0.6135517498138496,0.444599134704354,0.2526797755667087,0.614668652271035
age_bmi_n130,clinical,elasticnet_logistic,7,0.46971953338297345,0.39155391718402194,0.2515752070362548,0.5070737155621743
age_bmi_n130,mri7_global_mechanistic,elasticnet_logistic,7,0.6862745098039216,0.5734134150842498,0.22930306476730106,0.6187639612807148
age_bmi_n130,combined,elasticnet_logistic,7,0.6850335070737156,0.5744259385341315,0.2297837629521963,0.6285678828493422
age_bmi_n130,clinical,elasticnet_logistic,8,0.4724497393894267,0.3680193783669055,0.25406792911388903,0.47542814594192107
age_bmi_n130,mri7_global_mechanistic,elasticnet_logistic,8,0.6684040704889551,0.5606504291459282,0.22827138087611076,0.6342764954082899
age_bmi_n130,combined,elasticnet_logistic,8,0.6671630677587491,0.5537878566883976,0.22918105349367363,0.6314221891288161
age_bmi_n130,clinical,elasticnet_logistic,9,0.47393894266567393,0.38561005498851253,0.2535920833621194,0.456813104988831
age_bmi_n130,mri7_global_mechanistic,elasticnet_logistic,9,0.631422189128816,0.4743778808990389,0.23959993454570694,0.5928270042194093
age_bmi_n130,combined,elasticnet_logistic,9,0.6192603623727972,0.4681286286540911,0.24456316961161573,0.5991561181434599
all_native_missing_n312,clinical_native_missing,xgboost_native_missing,0,0.49292493528904224,0.37430040117354224,0.24790572027105703,0.4760569456427955
all_native_missing_n312,mri7_global_mechanistic,xgboost_native_missing,0,0.5499999999999999,0.4267672502887994,0.24444104685267012,0.5109577221742881
all_native_missing_n312,combined_native_missing,xgboost_native_missing,0,0.5527610008628128,0.43169258770243796,0.2448773815938165,0.4974978429680759
all_native_missing_n312,clinical_native_missing,xgboost_native_missing,1,0.540207075064711,0.40767306110289747,0.24098072329699313,0.5041415012942192
all_native_missing_n312,mri7_global_mechanistic,xgboost_native_missing,1,0.5550474547023296,0.4183352263105635,0.2447050056118672,0.4907679033649698
all_native_missing_n312,combined_native_missing,xgboost_native_missing,1,0.5409404659188956,0.4152587731303091,0.24681986684947368,0.4951682484900777
all_native_missing_n312,clinical_native_missing,xgboost_native_missing,2,0.48425366695427097,0.3779780924206515,0.24959469019561473,0.48308886971527176
all_native_missing_n312,mri7_global_mechanistic,xgboost_native_missing,2,0.5514667817083693,0.47038213376414956,0.24325310210441983,0.5525021570319241
all_native_missing_n312,combined_native_missing,xgboost_native_missing,2,0.5129853321829163,0.42532472920318126,0.25083434981572056,0.510655737704918
all_native_missing_n312,clinical_native_missing,xgboost_native_missing,3,0.4760353753235548,0.3637129112988004,0.2509883026409095,0.4763589301121656
all_native_missing_n312,mri7_global_mechanistic,xgboost_native_missing,3,0.5226919758412425,0.42490330889614153,0.25340093633585076,0.5235547886108713
all_native_missing_n312,combined_native_missing,xgboost_native_missing,3,0.5119930974978429,0.4231265296862489,0.2545969205442014,0.4802415875754961
all_native_missing_n312,clinical_native_missing,xgboost_native_missing,4,0.5029335634167386,0.3772226993440321,0.24780014196759345,0.4766609145815358
all_native_missing_n312,mri7_global_mechanistic,xgboost_native_missing,4,0.5785375323554789,0.46146981233444173,0.23892487553499736,0.5621656600517688
all_native_missing_n312,combined_native_missing,xgboost_native_missing,4,0.5643658326143226,0.45442457900935906,0.2415212765391348,0.5188524590163934
all_native_missing_n312,clinical_native_missing,xgboost_native_missing,5,0.4758843830888697,0.36091765648546426,0.2529920319191848,0.4708369283865401
all_native_missing_n312,mri7_global_mechanistic,xgboost_native_missing,5,0.5452545297670406,0.431985135728337,0.24929729019022423,0.5291199309749784
all_native_missing_n312,combined_native_missing,xgboost_native_missing,5,0.5140638481449525,0.4143453739272801,0.25575281642840303,0.5062985332182917
all_native_missing_n312,clinical_native_missing,xgboost_native_missing,6,0.528451251078516,0.3844792829301957,0.24470730064326085,0.461130284728214
all_native_missing_n312,mri7_global_mechanistic,xgboost_native_missing,6,0.5582614322691976,0.4418501183205012,0.2426845669164952,0.5191544434857636
all_native_missing_n312,combined_native_missing,xgboost_native_missing,6,0.561518550474547,0.4413236816146089,0.24183807509565997,0.5434426229508197
all_native_missing_n312,clinical_native_missing,xgboost_native_missing,7,0.5082830025884383,0.3826077708701766,0.2452952598334546,0.48045729076790333
all_native_missing_n312,mri7_global_mechanistic,xgboost_native_missing,7,0.5514667817083694,0.4615801972880725,0.24217623191225884,0.5393442622950819
all_native_missing_n312,combined_native_missing,xgboost_native_missing,7,0.5432700603968939,0.452423023005851,0.24440267036871247,0.5203192407247628
all_native_missing_n312,clinical_native_missing,xgboost_native_missing,8,0.46119499568593614,0.3491956648964957,0.2569036207024271,0.44098360655737706
all_native_missing_n312,mri7_global_mechanistic,xgboost_native_missing,8,0.5233390854184642,0.40824930381099256,0.2508585616743014,0.5074633304572908
all_native_missing_n312,combined_native_missing,xgboost_native_missing,8,0.5147972389991372,0.4056762994813691,0.25402555234016855,0.5182916307161346
all_native_missing_n312,clinical_native_missing,xgboost_native_missing,9,0.5158757549611734,0.40421927316325595,0.2451013949390068,0.50297670405522
all_native_missing_n312,mri7_global_mechanistic,xgboost_native_missing,9,0.548662640207075,0.44821045143448723,0.24471153706646084,0.5220880069025021
all_native_missing_n312,combined_native_missing,xgboost_native_missing,9,0.5519413287316652,0.4544198264227327,0.2438811177658448,0.5454702329594479
locked7_overlap_n219,v7_label_selected_locked7,logistic_l2,0,0.6615290839428771,0.556761054870663,0.2315142618507001,0.6056687565308255
locked7_overlap_n219,v7_label_selected_locked7,svm_rbf,0,0.6054946011842565,0.49315463919134933,0.23223634964196685,0.5198537095088819
locked7_overlap_n219,v7_label_selected_locked7,xgboost_fixed,0,0.640282131661442,0.5130496892304091,0.22924989807843393,0.5816353187042842
locked7_overlap_n219,v7_label_selected_locked7,logistic_l2,1,0.6540404040404042,0.5524393875015022,0.23243844894576918,0.5978317659352141
locked7_overlap_n219,v7_label_selected_locked7,svm_rbf,1,0.5798502264019505,0.4925080962806842,0.2352609103993857,0.5522466039707419
locked7_overlap_n219,v7_label_selected_locked7,xgboost_fixed,1,0.587251828631139,0.4676142843049761,0.24283772942125112,0.553030303030303
locked7_overlap_n219,v7_label_selected_locked7,logistic_l2,2,0.6648380355276907,0.5289581970973041,0.23205366353108373,0.6226489028213166
locked7_overlap_n219,v7_label_selected_locked7,svm_rbf,2,0.6029258098223617,0.4666639311923825,0.23847061372963807,0.49464472309299895
locked7_overlap_n219,v7_label_selected_locked7,xgboost_fixed,2,0.5785440613026821,0.46434868299124515,0.24528980376144943,0.5374869383490073
locked7_overlap_n219,v7_label_selected_locked7,logistic_l2,3,0.6422849181469872,0.538103601592931,0.23410361446647918,0.616901776384535
locked7_overlap_n219,v7_label_selected_locked7,svm_rbf,3,0.5701846046673633,0.4666520965717314,0.23649614257343243,0.5177638453500523
locked7_overlap_n219,v7_label_selected_locked7,xgboost_fixed,3,0.6166840822013235,0.4781109569617287,0.23683346226250063,0.5090125391849529
locked7_overlap_n219,v7_label_selected_locked7,logistic_l2,4,0.6749390456287008,0.5569693374857762,0.22798126904473082,0.6111546499477534
locked7_overlap_n219,v7_label_selected_locked7,svm_rbf,4,0.5709683037269244,0.4569456297483859,0.23683757052609916,0.5100574712643678
locked7_overlap_n219,v7_label_selected_locked7,xgboost_fixed,4,0.6115464994775339,0.4800860896210628,0.23598514782107846,0.5397074190177639
locked7_overlap_n219,v7_label_selected_locked7,logistic_l2,5,0.6436781609195402,0.5192036333494991,0.23633423158817957,0.5978317659352141
locked7_overlap_n219,v7_label_selected_locked7,svm_rbf,5,0.5844653430860328,0.4559240014559045,0.23800506306779629,0.5178944618599791
locked7_overlap_n219,v7_label_selected_locked7,xgboost_fixed,5,0.5748867990247302,0.45757934425865915,0.24583075007124036,0.5566875653082549
locked7_overlap_n219,v7_label_selected_locked7,logistic_l2,6,0.6462034134447927,0.5414940009052777,0.23413729405870015,0.6129832810867293
locked7_overlap_n219,v7_label_selected_locked7,svm_rbf,6,0.6066266109369557,0.4919522845953053,0.23217051561315155,0.5137147335423198
locked7_overlap_n219,v7_label_selected_locked7,xgboost_fixed,6,0.6313131313131313,0.5070605023414166,0.23202386785134935,0.5873824451410659
locked7_overlap_n219,v7_label_selected_locked7,logistic_l2,7,0.6757227446882619,0.5608185094134535,0.22798418730108436,0.6188610240334378
locked7_overlap_n219,v7_label_selected_locked7,svm_rbf,7,0.6193834900731452,0.4977756275662857,0.23090070707596963,0.523380355276907
locked7_overlap_n219,v7_label_selected_locked7,xgboost_fixed,7,0.6154649947753396,0.47764867109857667,0.23586968043655732,0.5664838035527691
locked7_overlap_n219,v7_label_selected_locked7,logistic_l2,8,0.6596133751306166,0.5483809763699317,0.23132177176124677,0.6208202716823407
locked7_overlap_n219,v7_label_selected_locked7,svm_rbf,8,0.6025774991292233,0.4689286139839935,0.23222667337810582,0.5007836990595611
locked7_overlap_n219,v7_label_selected_locked7,xgboost_fixed,8,0.5795889933820968,0.4542354036683705,0.2469682522937392,0.522466039707419
locked7_overlap_n219,v7_label_selected_locked7,logistic_l2,9,0.6708463949843261,0.5474674483325037,0.22887572842137355,0.6206896551724137
locked7_overlap_n219,v7_label_selected_locked7,svm_rbf,9,0.589690003483107,0.4923900359501656,0.23509279742097605,0.529649947753396
locked7_overlap_n219,v7_label_selected_locked7,xgboost_fixed,9,0.6041448972483455,0.4925809081957193,0.23912272571408577,0.5415360501567398
locked7_complete4_overlap_n68,clinical,elasticnet_logistic,0,0.3967391304347826,0.2838869169598841,0.27290844658456664,0.4545454545454546
locked7_complete4_overlap_n68,v7_label_selected_locked7,elasticnet_logistic,0,0.7223320158102766,0.5379346125887493,0.22466442276119764,0.7104743083003953
locked7_complete4_overlap_n68,combined_locked7_clinical,elasticnet_logistic,0,0.6828063241106719,0.45496531251432515,0.2344490878948311,0.633399209486166
locked7_complete4_overlap_n68,clinical,elasticnet_logistic,1,0.40711462450592883,0.28479161593739977,0.27895993085227805,0.441699604743083
locked7_complete4_overlap_n68,v7_label_selected_locked7,elasticnet_logistic,1,0.7243083003952568,0.5696414148884499,0.21062532744290607,0.6650197628458498
locked7_complete4_overlap_n68,combined_locked7_clinical,elasticnet_logistic,1,0.7233201581027668,0.5522480439433332,0.2143492084419398,0.6877470355731226
locked7_complete4_overlap_n68,clinical,elasticnet_logistic,2,0.45800395256917,0.3382986161039381,0.2526403019532757,0.4199604743083004
locked7_complete4_overlap_n68,v7_label_selected_locked7,elasticnet_logistic,2,0.5938735177865613,0.44901142971905794,0.24096329623157142,0.5978260869565217
locked7_complete4_overlap_n68,combined_locked7_clinical,elasticnet_logistic,2,0.6650197628458498,0.4969663206073896,0.21707435219626142,0.5632411067193676
locked7_complete4_overlap_n68,clinical,elasticnet_logistic,3,0.5291501976284585,0.3577792679948069,0.2457083037495736,0.4505928853754941
locked7_complete4_overlap_n68,v7_label_selected_locked7,elasticnet_logistic,3,0.6679841897233202,0.5245645138330963,0.21729906776496383,0.6413043478260869
locked7_complete4_overlap_n68,combined_locked7_clinical,elasticnet_logistic,3,0.7233201581027668,0.5730607027779039,0.20764316322260756,0.6640316205533596
locked7_complete4_overlap_n68,clinical,elasticnet_logistic,4,0.40711462450592883,0.2973604421184062,0.26934285766188176,0.40118577075098816
locked7_complete4_overlap_n68,v7_label_selected_locked7,elasticnet_logistic,4,0.6195652173913044,0.4524162372274384,0.23545463049170823,0.5968379446640316
locked7_complete4_overlap_n68,combined_locked7_clinical,elasticnet_logistic,4,0.6353754940711462,0.5107282493002354,0.2218208703198576,0.6086956521739131
locked7_complete4_overlap_n68,clinical,elasticnet_logistic,5,0.5064229249011858,0.32937260763519505,0.2595876651661034,0.5108695652173914
locked7_complete4_overlap_n68,v7_label_selected_locked7,elasticnet_logistic,5,0.6383399209486167,0.5043152152603146,0.2252474524308949,0.6195652173913043
locked7_complete4_overlap_n68,combined_locked7_clinical,elasticnet_logistic,5,0.6462450592885375,0.5594485866014018,0.221338798227819,0.5642292490118577
locked7_complete4_overlap_n68,clinical,elasticnet_logistic,6,0.5163043478260869,0.33753340088472694,0.25519328059622737,0.5009881422924901
locked7_complete4_overlap_n68,v7_label_selected_locked7,elasticnet_logistic,6,0.6966403162055337,0.536289544940167,0.22286853013011063,0.7094861660079052
locked7_complete4_overlap_n68,combined_locked7_clinical,elasticnet_logistic,6,0.7509881422924901,0.6288785796647214,0.20660035211463532,0.6867588932806324
locked7_complete4_overlap_n68,clinical,elasticnet_logistic,7,0.4268774703557312,0.29947476903258446,0.2606696974267884,0.4644268774703557
locked7_complete4_overlap_n68,v7_label_selected_locked7,elasticnet_logistic,7,0.7193675889328064,0.5762014793719746,0.22115731694932173,0.7203557312252964
locked7_complete4_overlap_n68,combined_locked7_clinical,elasticnet_logistic,7,0.717391304347826,0.5693359017957543,0.21766767561795747,0.6650197628458498
locked7_complete4_overlap_n68,clinical,elasticnet_logistic,8,0.4925889328063241,0.3182122373081459,0.25442961062064945,0.48814229249011853
locked7_complete4_overlap_n68,v7_label_selected_locked7,elasticnet_logistic,8,0.674901185770751,0.5578570075460201,0.2189609200585545,0.6976284584980237
locked7_complete4_overlap_n68,combined_locked7_clinical,elasticnet_logistic,8,0.6788537549407115,0.5561115859938116,0.2159298212386791,0.6650197628458498
locked7_complete4_overlap_n68,clinical,elasticnet_logistic,9,0.38636363636363635,0.2702160394268901,0.28177975662726257,0.4120553359683794
locked7_complete4_overlap_n68,v7_label_selected_locked7,elasticnet_logistic,9,0.6452569169960474,0.5232724654843223,0.2207216410563947,0.5968379446640316
locked7_complete4_overlap_n68,combined_locked7_clinical,elasticnet_logistic,9,0.6274703557312253,0.49132507599706143,0.22502250502622964,0.541501976284585
